Fecha,Negativos,Confirmados,Defunciones
31/12/2019,0,0,0
01/01/2020,25,0,0
02/01/2020,72,0,0
03/01/2020,89,0,0
04/01/2020,45,0,0
05/01/2020,81,0,0
06/01/2020,166,0,0
07/01/2020,184,0,0
08/01/2020,169,0,0
09/01/2020,191,0,0
10/01/2020,147,0,0
11/01/2020,45,0,0
12/01/2020,129,0,0
13/01/2020,225,0,0
14/01/2020,239,0,0
15/01/2020,266,0,0
16/01/2020,230,0,0
17/01/2020,185,0,0
18/01/2020,69,0,0
19/01/2020,121,0,0
20/01/2020,292,0,0
21/01/2020,274,0,0
22/01/2020,289,0,0
23/01/2020,264,0,0
24/01/2020,209,0,0
25/01/2020,105,0,0
26/01/2020,158,0,0
27/01/2020,278,0,0
28/01/2020,246,0,0
29/01/2020,210,0,0
30/01/2020,231,0,0
31/01/2020,152,0,0
01/02/2020,66,0,0
02/02/2020,103,0,0
03/02/2020,140,0,0
04/02/2020,254,0,0
05/02/2020,233,0,0
06/02/2020,231,0,0
07/02/2020,171,0,0
08/02/2020,68,0,0
09/02/2020,130,0,0
10/02/2020,329,0,0
11/02/2020,246,0,0
12/02/2020,262,0,0
13/02/2020,192,0,0
14/02/2020,163,0,0
15/02/2020,76,0,0
16/02/2020,103,0,0
17/02/2020,247,0,0
18/02/2020,255,0,0
19/02/2020,185,0,0
20/02/2020,177,0,0
21/02/2020,131,0,0
22/02/2020,53,0,0
23/02/2020,111,0,0
24/02/2020,211,0,0
25/02/2020,266,0,0
26/02/2020,204,0,0
27/02/2020,191,4,0
28/02/2020,214,2,0
29/02/2020,82,2,0
01/03/2020,143,2,0
02/03/2020,274,5,0
03/03/2020,276,9,0
04/03/2020,228,10,0
05/03/2020,216,11,0
06/03/2020,166,6,0
07/03/2020,71,7,0
08/03/2020,105,8,0
09/03/2020,236,5,0
10/03/2020,238,17,0
11/03/2020,279,39,0
12/03/2020,342,41,0
13/03/2020,372,66,0
14/03/2020,170,52,0
15/03/2020,208,37,0
16/03/2020,289,77,0
17/03/2020,615,104,0
18/03/2020,670,116,3
19/03/2020,689,151,0
20/03/2020,626,132,1
21/03/2020,410,85,0
22/03/2020,345,70,2
23/03/2020,919,168,1
24/03/2020,1151,220,3
25/03/2020,1239,185,2
26/03/2020,1161,224,8
27/03/2020,1339,262,8
28/03/2020,608,191,15
29/03/2020,608,166,9
30/03/2020,1334,345,14
31/03/2020,1205,311,26
01/04/2020,1255,382,22
02/04/2020,1380,347,26
03/04/2020,1385,392,34
04/04/2020,860,250,40
05/04/2020,590,259,33
06/04/2020,1459,631,58
07/04/2020,1518,515,62
08/04/2020,1661,581,49
09/04/2020,1233,483,62
10/04/2020,1413,572,78
11/04/2020,974,464,81
12/04/2020,758,479,88
13/04/2020,1921,953,102
14/04/2020,2027,936,114
15/04/2020,1899,985,115
16/04/2020,1777,996,107
17/04/2020,1973,1145,142
18/04/2020,892,815,137
19/04/2020,802,794,181
20/04/2020,2203,1521,211
21/04/2020,1962,1471,215
22/04/2020,1914,1423,216
23/04/2020,2147,1506,230
24/04/2020,2361,1734,263
25/04/2020,1187,1164,290
26/04/2020,942,1117,310
27/04/2020,2521,1942,285
28/04/2020,2600,1961,326
29/04/2020,2935,1948,386
30/04/2020,3321,1884,354
01/05/2020,1717,1555,410
02/05/2020,1465,1493,358
03/05/2020,1522,1377,369
04/05/2020,3401,2642,461
05/05/2020,2995,2234,449
06/05/2020,3416,2389,414
07/05/2020,3423,2531,403
08/05/2020,3750,2530,439
09/05/2020,1965,1657,418
10/05/2020,1348,1552,457
11/05/2020,3913,3118,460
12/05/2020,4103,3070,487
13/05/2020,3834,3230,490
14/05/2020,4151,3217,546
15/05/2020,4280,3694,556
16/05/2020,2052,2270,534
17/05/2020,1263,1739,587
18/05/2020,4482,4181,591
19/05/2020,4144,3710,579
20/05/2020,4426,4052,571
21/05/2020,4289,4103,572
22/05/2020,4591,4132,560
23/05/2020,2172,2416,539
24/05/2020,1723,2002,608
25/05/2020,4871,4788,628
26/05/2020,4794,4423,611
27/05/2020,4931,4566,594
28/05/2020,4728,4310,623
29/05/2020,4922,4468,575
30/05/2020,2573,2822,609
31/05/2020,1755,2199,634
01/06/2020,5246,5453,691
02/06/2020,5118,4837,649
03/06/2020,5384,5073,676
04/06/2020,5276,5013,656
05/06/2020,5610,5159,597
06/06/2020,2614,3149,667
07/06/2020,1824,2468,688
08/06/2020,5656,6291,738
09/06/2020,5974,5873,691
10/06/2020,6037,5826,706
11/06/2020,5989,5471,670
12/06/2020,6247,5744,731
13/06/2020,2620,3231,696
14/06/2020,2010,2702,719
15/06/2020,6675,6690,714
16/06/2020,6346,6476,775
17/06/2020,6063,6180,752
18/06/2020,5873,6146,679
19/06/2020,5831,6162,651
20/06/2020,2771,3736,618
21/06/2020,1652,2610,692
22/06/2020,5680,7014,669
23/06/2020,6336,6617,643
24/06/2020,5947,6369,649
25/06/2020,6382,6342,627
26/06/2020,6567,6618,671
27/06/2020,3094,3779,699
28/06/2020,2144,3065,691
29/06/2020,7222,7563,760
30/06/2020,6871,7229,719
01/07/2020,7203,7696,693
02/07/2020,6593,7100,703
03/07/2020,6975,7121,706
04/07/2020,2837,3760,738
05/07/2020,2209,3103,753
06/07/2020,7517,7883,827
07/07/2020,7404,7927,824
08/07/2020,7246,7453,740
09/07/2020,6891,7059,764
10/07/2020,6924,7221,728
11/07/2020,3053,3927,742
12/07/2020,2098,3278,759
13/07/2020,7642,8927,836
14/07/2020,7366,8463,808
15/07/2020,8093,8864,804
16/07/2020,7936,8266,815
17/07/2020,8244,8050,770
18/07/2020,3637,4453,747
19/07/2020,2039,3501,803
20/07/2020,8241,9133,804
21/07/2020,7905,8660,840
22/07/2020,8083,8304,752
23/07/2020,7711,8097,785
24/07/2020,7653,8029,733
25/07/2020,3278,4211,779
26/07/2020,2170,3070,785
27/07/2020,7600,8527,809
28/07/2020,7963,8202,778
29/07/2020,7624,7674,685
30/07/2020,7690,7576,748
31/07/2020,7558,6739,674
01/08/2020,3542,3834,735
02/08/2020,1993,2563,697
03/08/2020,7364,7537,759
04/08/2020,7972,7393,777
05/08/2020,7832,7179,720
06/08/2020,7594,6678,694
07/08/2020,7753,6630,645
08/08/2020,3272,3682,682
09/08/2020,1945,2442,652
10/08/2020,8032,7271,676
11/08/2020,8128,6881,700
12/08/2020,7945,6501,618
13/08/2020,7976,6456,614
14/08/2020,7937,6219,580
15/08/2020,3367,3255,586
16/08/2020,2000,2340,576
17/08/2020,7817,6903,627
18/08/2020,8330,6732,567
19/08/2020,8070,6299,585
20/08/2020,7160,6031,565
21/08/2020,8039,6307,559
22/08/2020,3513,3163,573
23/08/2020,1951,2356,525
24/08/2020,7868,7099,541
25/08/2020,8320,6697,545
26/08/2020,9563,7037,521
27/08/2020,9449,6541,494
28/08/2020,9385,6337,532
29/08/2020,4447,3167,512
30/08/2020,2159,2245,527
31/08/2020,8423,7044,548
01/09/2020,9285,7155,508
02/09/2020,9462,6921,490
03/09/2020,9424,6300,492
04/09/2020,9401,6041,479
05/09/2020,3840,2906,463
06/09/2020,2065,2098,460
07/09/2020,8795,6428,491
08/09/2020,9404,6629,428
09/09/2020,9366,6065,482
10/09/2020,9378,5707,440
11/09/2020,8893,5506,444
12/09/2020,3628,2815,465
13/09/2020,2047,1918,403
14/09/2020,8847,6273,451
15/09/2020,7010,4372,442
16/09/2020,2378,2251,422
17/09/2020,8999,6416,401
18/09/2020,9060,5614,371
19/09/2020,3511,2822,401
20/09/2020,2033,1865,423
21/09/2020,8510,6323,409
22/09/2020,9209,6177,431
23/09/2020,8921,5834,396
24/09/2020,8482,5408,410
25/09/2020,8725,5287,370
26/09/2020,3612,2671,387
27/09/2020,2015,1840,364
28/09/2020,9001,6304,377
29/09/2020,9373,5964,373
30/09/2020,9008,5558,353
01/10/2020,8455,5293,365
02/10/2020,8407,5006,367
03/10/2020,3342,2458,364
04/10/2020,1967,1769,347
05/10/2020,7722,5934,374
06/10/2020,8839,5956,363
07/10/2020,8688,5775,357
08/10/2020,8253,5513,357
09/10/2020,7944,5666,326
10/10/2020,3194,3041,384
11/10/2020,2107,2218,363
12/10/2020,8572,6827,422
13/10/2020,9643,7135,384
14/10/2020,9119,6476,372
15/10/2020,8263,6466,396
16/10/2020,9129,6615,368
17/10/2020,3641,3354,397
18/10/2020,2305,2369,401
19/10/2020,10496,8233,472
20/10/2020,11003,8394,437
21/10/2020,11182,7420,477
22/10/2020,11238,7296,463
23/10/2020,10801,7235,460
24/10/2020,4022,3503,445
25/10/2020,2522,2474,486
26/10/2020,11803,8411,500
27/10/2020,12295,7949,463
28/10/2020,12097,7185,481
29/10/2020,11504,6873,491
30/10/2020,9734,6284,470
31/10/2020,3620,3019,450
01/11/2020,1999,2172,459
02/11/2020,5006,5171,511
03/11/2020,10804,8087,494
04/11/2020,10616,7637,494
05/11/2020,10613,7557,522
06/11/2020,9630,7098,552
07/11/2020,3547,3545,474
08/11/2020,2063,2652,499
09/11/2020,11153,8974,521
10/11/2020,10808,8939,486
11/11/2020,10505,8358,518
12/11/2020,10165,8151,546
13/11/2020,10146,7581,517
14/11/2020,4093,3908,508
15/11/2020,2207,2641,514
16/11/2020,2708,3313,517
17/11/2020,11449,9625,568
18/11/2020,10341,8719,534
19/11/2020,9384,8215,496
20/11/2020,10867,8395,572
21/11/2020,5332,4220,557
22/11/2020,2453,2785,625
23/11/2020,12320,10361,565
24/11/2020,14007,10287,571
25/11/2020,13652,9586,550
26/11/2020,13710,9600,572
27/11/2020,13607,9618,620
28/11/2020,6173,4896,563
29/11/2020,2833,3013,578
30/11/2020,15579,10934,644
01/12/2020,17145,11633,657
02/12/2020,17855,11466,611
03/12/2020,18774,11219,594
04/12/2020,18776,10915,588
05/12/2020,9321,5998,644
06/12/2020,2782,3178,639
07/12/2020,19349,13110,674
08/12/2020,18746,13007,633
09/12/2020,19609,12502,688
10/12/2020,20986,12756,670
11/12/2020,20258,12499,696
12/12/2020,8893,6902,725
13/12/2020,3090,3422,705
14/12/2020,20422,14381,744
15/12/2020,19871,14046,749
16/12/2020,19895,13331,736
17/12/2020,19926,12800,740
18/12/2020,21096,12551,758
19/12/2020,10830,6616,799
20/12/2020,3151,3799,778
21/12/2020,22922,14476,887
22/12/2020,22095,13887,810
23/12/2020,22196,12823,822
24/12/2020,16397,10480,843
25/12/2020,2008,2735,836
26/12/2020,6738,5933,881
27/12/2020,3381,4397,916
28/12/2020,24367,16224,965
29/12/2020,24588,16099,971
30/12/2020,24383,14728,946
31/12/2020,18880,12083,886
01/01/2021,2593,3413,987
02/01/2021,8066,6948,993
03/01/2021,4385,5274,1037
04/01/2021,25289,18556,1112
05/01/2021,25527,18821,1069
06/01/2021,25170,18409,1160
07/01/2021,26619,18766,1064
08/01/2021,25565,18601,1197
09/01/2021,12708,9842,1143
10/01/2021,4650,5663,1215
11/01/2021,28555,21044,1315
12/01/2021,27643,19503,1238
13/01/2021,27630,18651,1247
14/01/2021,28605,18371,1271
15/01/2021,27450,17514,1316
16/01/2021,14064,9441,1294
17/01/2021,4641,5329,1402
18/01/2021,29705,19675,1409
19/01/2021,30472,19046,1447
20/01/2021,28927,17478,1495
21/01/2021,28672,16925,1435
22/01/2021,30177,16480,1395
23/01/2021,15463,8803,1354
24/01/2021,4869,4749,1423
25/01/2021,30366,18196,1478
26/01/2021,31216,17063,1419
27/01/2021,31911,14919,1325
28/01/2021,30123,14026,1249
29/01/2021,28278,12367,1247
30/01/2021,14592,6812,1239
31/01/2021,4222,3709,1181
01/02/2021,6814,4722,1296
02/02/2021,27891,13447,1264
03/02/2021,25965,11873,1172
04/02/2021,25604,10835,1091
05/02/2021,25172,10200,1049
06/02/2021,12198,5345,1050
07/02/2021,3516,2762,968
08/02/2021,25555,11671,1072
09/02/2021,24952,9323,972
10/02/2021,23405,8532,888
11/02/2021,22791,7836,924
12/02/2021,23439,7723,857
13/02/2021,10136,4001,771
14/02/2021,3255,2172,790
15/02/2021,21982,8342,804
16/02/2021,20642,7802,782
17/02/2021,20230,7038,758
18/02/2021,19854,6982,687
19/02/2021,20617,6799,729
20/02/2021,8601,3433,620
21/02/2021,3855,2050,721
22/02/2021,23614,8649,732
23/02/2021,22080,7520,611
24/02/2021,21452,6878,602
25/02/2021,20970,6788,589
26/02/2021,21833,6886,574
27/02/2021,8872,3509,588
28/02/2021,3683,2116,597
01/03/2021,22809,8675,584
02/03/2021,21153,6955,567
03/03/2021,20591,6589,514
04/03/2021,19501,6334,516
05/03/2021,20211,6014,523
06/03/2021,8384,3066,487
07/03/2021,3450,2001,489
08/03/2021,20303,7093,521
09/03/2021,19036,5976,468
10/03/2021,18818,5529,539
11/03/2021,18533,5373,493
12/03/2021,19049,5267,414
13/03/2021,8249,2671,435
14/03/2021,3759,1562,466
15/03/2021,4986,2151,415
16/03/2021,20099,6785,395
17/03/2021,19096,5314,407
18/03/2021,18188,5042,376
19/03/2021,18286,4777,387
20/03/2021,7639,2441,354
21/03/2021,3870,1559,383
22/03/2021,19365,5947,364
23/03/2021,19217,5223,403
24/03/2021,18128,4670,346
25/03/2021,18385,4623,302
26/03/2021,17213,4201,290
27/03/2021,8313,2263,321
28/03/2021,4252,1328,358
29/03/2021,18438,5317,340
30/03/2021,18295,4462,322
31/03/2021,16955,4046,320
01/04/2021,6990,2096,302
02/04/2021,5418,1706,310
03/04/2021,3900,1617,306
04/04/2021,3740,1434,272
05/04/2021,19091,5561,315
06/04/2021,17927,4658,279
07/04/2021,18030,4425,312
08/04/2021,18760,4253,293
09/04/2021,18260,4063,283
10/04/2021,9163,2231,279
11/04/2021,4422,1210,273
12/04/2021,20660,5099,261
13/04/2021,19561,4257,298
14/04/2021,19245,3853,275
15/04/2021,18039,3783,283
16/04/2021,17295,3334,254
17/04/2021,7490,1690,264
18/04/2021,3582,1101,212
19/04/2021,19030,4350,234
20/04/2021,17938,3667,255
21/04/2021,17965,3639,231
22/04/2021,17553,3287,206
23/04/2021,16666,3191,209
24/04/2021,7690,1748,211
25/04/2021,3781,1072,201
26/04/2021,18181,3996,218
27/04/2021,16405,3460,199
28/04/2021,16228,3184,199
29/04/2021,14650,2981,211
30/04/2021,13542,2701,161
01/05/2021,3430,1002,178
02/05/2021,3257,956,192
03/05/2021,15809,3440,170
04/05/2021,15765,2905,158
05/05/2021,13732,2591,178
06/05/2021,15700,2779,154
07/05/2021,14718,2502,134
08/05/2021,6464,1280,134
09/05/2021,3299,782,151
10/05/2021,7649,1731,167
11/05/2021,15769,3199,128
12/05/2021,14069,2635,139
13/05/2021,13025,2374,112
14/05/2021,12912,2481,132
15/05/2021,5970,1212,110
16/05/2021,3859,773,126
17/05/2021,14377,2894,133
18/05/2021,14230,2581,133
19/05/2021,13882,2489,118
20/05/2021,13271,2413,102
21/05/2021,13231,2388,105
22/05/2021,5872,1150,86
23/05/2021,3592,799,125
24/05/2021,14037,2956,115
25/05/2021,13081,2717,112
26/05/2021,11923,2634,98
27/05/2021,11984,2558,108
28/05/2021,12387,2499,102
29/05/2021,4581,1139,96
30/05/2021,3171,932,96
31/05/2021,13068,3080,112
01/06/2021,11956,2808,98
02/06/2021,11252,2812,93
03/06/2021,11472,2655,69
04/06/2021,11590,2767,90
05/06/2021,4776,1350,105
06/06/2021,2469,843,89
07/06/2021,13483,3683,105
08/06/2021,13253,3589,108
09/06/2021,13156,3389,96
10/06/2021,12786,3308,88
11/06/2021,12597,3289,117
12/06/2021,5195,1710,79
13/06/2021,3300,1095,85
14/06/2021,13920,4217,105
15/06/2021,13460,3877,104
16/06/2021,14210,3937,104
17/06/2021,13858,3970,107
18/06/2021,13865,3973,102
19/06/2021,5840,2064,95
20/06/2021,3775,1272,125
21/06/2021,15623,5314,119
22/06/2021,16030,5178,107
23/06/2021,16345,5344,107
24/06/2021,16316,5343,101
25/06/2021,16454,5223,115
26/06/2021,6912,2749,117
27/06/2021,3907,1708,121
28/06/2021,17846,6966,134
29/06/2021,16315,6439,131
30/06/2021,15534,6263,136
01/07/2021,15763,6527,150
02/07/2021,16014,6771,142
03/07/2021,7492,3466,125
04/07/2021,4360,2268,160
05/07/2021,19817,9301,155
06/07/2021,19174,9318,181
07/07/2021,22126,10106,171
08/07/2021,20842,10118,165
09/07/2021,22311,10529,157
10/07/2021,9381,5323,173
11/07/2021,5539,3529,187
12/07/2021,26002,13965,227
13/07/2021,26068,14070,181
14/07/2021,26478,13947,226
15/07/2021,27015,13581,228
16/07/2021,27462,14100,238
17/07/2021,11165,6905,252
18/07/2021,6689,4688,270
19/07/2021,31007,18208,313
20/07/2021,31935,18365,329
21/07/2021,32076,17945,348
22/07/2021,33384,18864,308
23/07/2021,32759,18020,377
24/07/2021,12984,8730,342
25/07/2021,8062,6385,398
26/07/2021,34031,22782,458
27/07/2021,35028,22172,460
28/07/2021,34538,20708,478
29/07/2021,34558,21408,472
30/07/2021,33187,20126,527
31/07/2021,12836,9386,537
01/08/2021,8350,7336,570
02/08/2021,34667,23616,649
03/08/2021,35560,22984,584
04/08/2021,34624,21739,591
05/08/2021,34005,21976,633
06/08/2021,33182,21245,627
07/08/2021,14652,10090,643
08/08/2021,9077,7570,655
09/08/2021,37983,25605,751
10/08/2021,37658,24742,718
11/08/2021,36955,23151,713
12/08/2021,37066,22322,719
13/08/2021,36015,21661,710
14/08/2021,14622,9525,746
15/08/2021,8603,6787,773
16/08/2021,36457,24481,816
17/08/2021,36722,22004,758
18/08/2021,34566,20961,882
19/08/2021,32916,19076,784
20/08/2021,32754,18049,769
21/08/2021,11680,7668,817
22/08/2021,7712,5924,743
23/08/2021,32019,21305,870
24/08/2021,30894,18781,821
25/08/2021,28947,17319,755
26/08/2021,27959,16288,796
27/08/2021,26331,15730,737
28/08/2021,10852,7062,744
29/08/2021,6494,4814,766
30/08/2021,28912,17773,751
31/08/2021,25435,15638,765
01/09/2021,24942,14760,703
02/09/2021,23741,13942,683
03/09/2021,25176,13353,691
04/09/2021,10360,6367,652
05/09/2021,6242,4201,688
06/09/2021,28158,16005,691
07/09/2021,25368,13468,670
08/09/2021,23541,12203,611
09/09/2021,24444,12155,632
10/09/2021,24405,11885,617
11/09/2021,10157,5233,561
12/09/2021,6494,3746,595
13/09/2021,25961,13866,597
14/09/2021,23448,11765,563
15/09/2021,17582,7736,542
16/09/2021,6095,3839,545
17/09/2021,24334,11776,547
18/09/2021,9553,4722,494
19/09/2021,6099,3242,474
20/09/2021,27548,12796,539
21/09/2021,24334,10460,546
22/09/2021,23213,9954,470
23/09/2021,21753,8866,436
24/09/2021,22491,8828,457
25/09/2021,8986,3794,413
26/09/2021,5919,2744,424
27/09/2021,24608,10325,429
28/09/2021,22100,7899,437
29/09/2021,20135,7358,403
30/09/2021,18356,6486,371
01/10/2021,18970,6152,386
02/10/2021,8001,2819,350
03/10/2021,5140,2138,359
04/10/2021,21577,7853,387
05/10/2021,20006,6566,337
06/10/2021,19501,6103,305
07/10/2021,18256,5495,311
08/10/2021,18905,5220,340
09/10/2021,8535,2418,290
10/10/2021,6033,2031,287
11/10/2021,22740,6758,315
12/10/2021,19543,5426,291
13/10/2021,19266,4875,290
14/10/2021,18660,4866,264
15/10/2021,18975,4685,269
16/10/2021,7406,1870,270
17/10/2021,4915,1406,232
18/10/2021,21160,5577,232
19/10/2021,19052,4541,227
20/10/2021,19148,4268,236
21/10/2021,18053,4120,224
22/10/2021,18295,3980,212
23/10/2021,7389,1705,216
24/10/2021,4966,1296,196
25/10/2021,21241,5252,205
26/10/2021,18807,4206,184
27/10/2021,17768,3847,183
28/10/2021,16949,3654,188
29/10/2021,15767,3485,203
30/10/2021,6623,1286,174
31/10/2021,4252,966,147
01/11/2021,14787,3467,193
02/11/2021,10445,2562,165
03/11/2021,18888,3875,183
04/11/2021,18679,3520,147
05/11/2021,17766,3231,150
06/11/2021,6661,1403,142
07/11/2021,4942,1030,144
08/11/2021,20421,4213,178
09/11/2021,18529,3579,137
10/11/2021,17832,3346,147
11/11/2021,16773,3323,150
12/11/2021,15864,3107,114
13/11/2021,5824,1223,146
14/11/2021,4084,868,136
15/11/2021,5764,1381,149
16/11/2021,17962,3938,154
17/11/2021,16730,3605,129
18/11/2021,16636,3235,126
19/11/2021,15256,2978,125
20/11/2021,6529,1294,140
21/11/2021,5139,982,135
22/11/2021,18178,4391,143
23/11/2021,16361,3526,133
24/11/2021,16408,3236,131
25/11/2021,15639,3135,117
26/11/2021,15852,2785,128
27/11/2021,6345,1152,130
28/11/2021,4349,1005,138
29/11/2021,17660,3916,122
30/11/2021,15883,3190,136
01/12/2021,15552,3044,160
02/12/2021,14892,3163,115
03/12/2021,14946,2777,139
04/12/2021,5470,1061,108
05/12/2021,4602,882,127
06/12/2021,17682,3749,144
07/12/2021,15985,3255,131
08/12/2021,15335,2935,143
09/12/2021,15561,2814,136
10/12/2021,14020,2788,114
11/12/2021,5427,926,129
12/12/2021,4365,906,115
13/12/2021,15900,3322,126
14/12/2021,14611,2834,129
15/12/2021,14466,2828,124
16/12/2021,13785,2770,119
17/12/2021,12852,2542,106
18/12/2021,5367,1156,131
19/12/2021,4271,987,113
20/12/2021,14970,3820,109
21/12/2021,13757,3649,116
22/12/2021,14898,3939,123
23/12/2021,14532,4134,97
24/12/2021,11314,3318,121
25/12/2021,2924,1113,111
26/12/2021,5185,2012,118
27/12/2021,18465,8260,118
28/12/2021,19819,9831,117
29/12/2021,20907,11627,103
30/12/2021,21401,12780,96
31/12/2021,17013,11297,107
01/01/2022,5450,3744,109
02/01/2022,7703,5845,106
03/01/2022,30055,24183,145
04/01/2022,32458,32191,135
05/01/2022,37566,38820,139
06/01/2022,37987,42510,138
07/01/2022,41054,46477,134
08/01/2022,20038,22535,142
09/01/2022,14595,18947,170
10/01/2022,45811,68741,182
11/01/2022,43888,71693,183
12/01/2022,43482,75512,225
13/01/2022,39660,74695,227
14/01/2022,39260,73424,242
15/01/2022,17874,31311,247
16/01/2022,11160,23829,278
17/01/2022,33940,80986,318
18/01/2022,31878,75092,374
19/01/2022,30901,70883,358
20/01/2022,28536,65613,387
21/01/2022,29054,57732,402
22/01/2022,14071,25187,452
23/01/2022,8557,18972,429
24/01/2022,28422,61874,495
25/01/2022,25106,51054,558
26/01/2022,24036,46101,524
27/01/2022,21807,41168,551
28/01/2022,22674,36253,552
29/01/2022,10315,16579,543
30/01/2022,6754,12248,560
31/01/2022,22000,37405,543
01/02/2022,18166,29147,596
02/02/2022,17764,26504,570
03/02/2022,15787,23087,542
04/02/2022,16063,19831,494
05/02/2022,8031,8658,494
06/02/2022,4754,6450,490
07/02/2022,5951,9540,481
08/02/2022,15460,19742,483
09/02/2022,12440,14765,485
10/02/2022,11910,13512,414
11/02/2022,11823,12261,400
12/02/2022,6446,5751,393
13/02/2022,4078,4774,382
14/02/2022,11506,13188,387
15/02/2022,11861,10211,342
16/02/2022,11398,9625,315
17/02/2022,12387,9176,285
18/02/2022,11757,8031,236
19/02/2022,6323,3552,252
20/02/2022,4508,3114,240
21/02/2022,12061,8041,253
22/02/2022,10930,6360,246
23/02/2022,10547,5854,205
24/02/2022,10539,5303,193
25/02/2022,9627,4373,147
26/02/2022,4767,1681,161
27/02/2022,3941,1380,152
28/02/2022,10686,5131,151
01/03/2022,8968,3558,109
02/03/2022,9099,3124,130
03/03/2022,9615,3193,98
04/03/2022,8567,2724,102
05/03/2022,4285,1090,68
06/03/2022,3280,888,93
07/03/2022,9405,3004,85
08/03/2022,8309,2407,71
09/03/2022,7800,2367,72
10/03/2022,7816,2217,73
11/03/2022,7562,1846,61
12/03/2022,3632,741,63
13/03/2022,3120,673,54
14/03/2022,9309,2222,46
15/03/2022,8554,1859,50
16/03/2022,7598,1530,41
17/03/2022,7672,1496,35
18/03/2022,7207,1313,43
19/03/2022,3344,480,34
20/03/2022,2497,317,35
21/03/2022,3701,575,26
22/03/2022,9122,1663,31
23/03/2022,8396,1327,27
24/03/2022,8173,1184,23
25/03/2022,6761,1141,27
26/03/2022,3544,379,21
27/03/2022,2709,349,29
28/03/2022,9046,1416,20
29/03/2022,8223,1205,21
30/03/2022,7620,1152,23
31/03/2022,7270,1004,17
01/04/2022,6752,747,21
02/04/2022,3265,331,12
03/04/2022,2787,276,13
04/04/2022,8639,1018,24
05/04/2022,7938,791,17
06/04/2022,7348,792,17
07/04/2022,7240,756,13
08/04/2022,6593,702,19
09/04/2022,3380,295,6
10/04/2022,2716,251,10
11/04/2022,6813,781,6
12/04/2022,6359,666,11
13/04/2022,5425,634,12
14/04/2022,2256,275,15
15/04/2022,1790,224,9
16/04/2022,2133,187,15
17/04/2022,1849,208,10
18/04/2022,7098,855,7
19/04/2022,6109,571,7
20/04/2022,5848,725,8
21/04/2022,5404,557,12
22/04/2022,5087,561,7
23/04/2022,2788,261,8
24/04/2022,2660,319,4
25/04/2022,6593,836,3
26/04/2022,5266,660,9
27/04/2022,5120,645,7
28/04/2022,4902,576,2
29/04/2022,4503,516,9
30/04/2022,2234,214,8
01/05/2022,2086,209,7
02/05/2022,6086,805,8
03/05/2022,5358,766,6
04/05/2022,5180,735,2
05/05/2022,4063,647,4
06/05/2022,4877,720,6
07/05/2022,2190,262,7
08/05/2022,1962,254,5
09/05/2022,5474,1033,3
10/05/2022,3315,461,9
11/05/2022,5503,1099,5
12/05/2022,5281,993,1
13/05/2022,4900,973,2
14/05/2022,2437,393,7
15/05/2022,2299,329,6
16/05/2022,6063,1393,6
17/05/2022,6134,1297,5
18/05/2022,6016,1388,2
19/05/2022,5971,1416,5
20/05/2022,5531,1360,7
21/05/2022,2568,585,4
22/05/2022,2431,550,7
23/05/2022,6924,2253,6
24/05/2022,6681,2047,4
25/05/2022,6512,2275,8
26/05/2022,6283,2155,3
27/05/2022,6004,2138,5
28/05/2022,3001,920,4
29/05/2022,2724,867,3
30/05/2022,8057,3397,6
31/05/2022,7455,3423,7
01/06/2022,7747,3620,3
02/06/2022,7273,3440,4
03/06/2022,7172,3596,7
04/06/2022,3653,1551,5
05/06/2022,3000,1348,5
06/06/2022,9439,6128,5
07/06/2022,9189,5733,3
08/06/2022,9514,6575,3
09/06/2022,9127,6276,7
10/06/2022,8923,6321,6
11/06/2022,4245,2565,7
12/06/2022,3186,2196,15
13/06/2022,10458,9853,10
14/06/2022,9889,9344,13
15/06/2022,9884,9990,4
16/06/2022,9900,9763,10
17/06/2022,9957,10332,13
18/06/2022,4299,4268,11
19/06/2022,3047,3610,14
20/06/2022,11815,16675,14
21/06/2022,11700,16506,17
22/06/2022,12229,17800,20
23/06/2022,12411,18191,17
24/06/2022,12766,18773,17
25/06/2022,5445,7725,18
26/06/2022,4509,7090,30
27/06/2022,14841,27672,27
28/06/2022,14514,26531,21
29/06/2022,13918,27222,34
30/06/2022,14494,27473,25
01/07/2022,14102,26791,26
02/07/2022,5969,10928,34
03/07/2022,4539,9485,32
04/07/2022,15510,37262,48
05/07/2022,16147,35522,38
06/07/2022,15705,35851,46
07/07/2022,17168,35062,48
08/07/2022,16360,32837,42
09/07/2022,6898,12946,53
10/07/2022,5085,11424,71
11/07/2022,17955,43780,79
12/07/2022,17324,39018,66
13/07/2022,16305,36871,88
14/07/2022,15596,34440,84
15/07/2022,15287,30986,68
16/07/2022,6127,12029,79
17/07/2022,4364,9819,76
18/07/2022,16495,37650,82
19/07/2022,14855,31996,73
20/07/2022,14120,30784,96
21/07/2022,13346,26865,80
22/07/2022,12494,23788,79
23/07/2022,5219,8961,68
24/07/2022,3772,6915,70
25/07/2022,13231,26763,87
26/07/2022,11148,21589,92
27/07/2022,10574,19501,89
28/07/2022,9677,16550,76
29/07/2022,9039,13961,91
30/07/2022,3790,5261,78
31/07/2022,3120,4470,73
01/08/2022,10091,17416,73
02/08/2022,8713,13421,80
03/08/2022,8407,12499,74
04/08/2022,8094,10988,72
05/08/2022,7451,9618,70
06/08/2022,3303,3493,65
07/08/2022,2766,2991,40
08/08/2022,8874,11997,57
09/08/2022,7248,8971,49
10/08/2022,6806,8105,47
11/08/2022,6493,6852,42
12/08/2022,6022,5884,44
13/08/2022,2805,2041,30
14/08/2022,2334,1748,37
15/08/2022,6710,7199,29
16/08/2022,5885,5177,38
17/08/2022,5751,4646,31
18/08/2022,5260,4041,25
19/08/2022,4751,3555,21
20/08/2022,2231,1252,29
21/08/2022,1973,1099,20
22/08/2022,6047,4509,19
23/08/2022,4707,3000,20
24/08/2022,2261,1453,9
25/08/2022,0,1,0
